Store,Retailer
BDYNES61J9EC,OLE2BBHN0GLF
V4GP8FRWXQHI,WZZILJL46VDN
FJ7STCUQ888K,TRYBPJ4Q6UMX
A6WSPAJP08S6,QNL3ZIPIRTJC
S61C9NBV15VK,EB85NP6SEWPR
M9TQF2JAFVPC,QD1T9RV1MOC2
R9I539MT89VQ,T67FRZUFVIFM
FAW0PXZ6V5DG,STYVCF8M7ZFY
OWVAO1E5SMS9,Z29NNVKB6DMJ
I13WDITQN50X,GTXSK2BL059E
JJNVCYNPTV6D,OLXZ1GWRAO1H
TQOL46WK6KGL,EX7ZIFLQOE63
Z0TP95618FM7,LOOSHF8D5M62
V774402E48A5,G444NGR1X6RB
N4G6NHMZYF6A,ZIXZHJ0DIAR5
UGBE4M55YK0S,LI2BXLNTKHZ5
JY4Q9Y2K9F0K,OH1Q0HQA23HC
J6NKT1TR1LKT,R61LS4E64ZDJ
WEOJI2Y92PAX,ZHML41DP00SB
RDHSW4FLC6M6,HIBX6121E9VK
OD1BB8JZ78SF,U4F9FHIUF0EB
T0QWD36Q9TPD,B1GQ16LL2VEZ
ARWLMJQ8QLBJ,Q56I8ZOLIGDN
OX2RH3SSDNZS,SEVN0O8KUQ7F
NUH0EP4FW1ED,Y2G7R71CNBQR
OSJOFHMT8TOA,GL8COF28IM7N
ZV7C747UI59P,VFKMEKZCFV9K
LFF4LU3Q39ES,BIW45H141IZM
MBDVJPW5IRRU,X4KLO8TZQS8R
AZHJDONUDWD6,DQUZWJ3X6JB8
DAUVLESPN3F1,SK2KCO6W4UQH
P106BIR49TDH,K17Z42T8ETRX
T6FK4FJH35BA,SZYYR667MKCY
M6ZXJX3VPSH5,XX8W2G5LEK8K
X0GEP2U8XBJZ,U4YV9N3RP8NI
OZB7XIVOH2TB,WDM5ND5QMKII
F853F44DICQS,ZSXD23SAO5LK
YCGFJV4KRN59,ZNV05OOT5INC
U57NE4DEO3MB,L2WF7OG7ILYJ
SGL6O6W01NV8,P902CRX9MN6V
VR6JLLUU4B3A,AY90I24MAKZB
YV1T54FY82WT,PN9CATREE1HX
B7K9X3PP0N6Q,H5CWQIX2NTD8
T60TZS41OCN6,SKUSC7FA9XGB
XH4BGZZEGMLY,ZN8CWFKNS1ZX
GKTDVB457PUN,I4JREWOBROFV
ZK240D29N9N0,EJDU2CLR6WH5
FUVXA3LNYUL0,GH7Z2WV8Y6PI
QLP183PMOGNZ,N1ZNJAKKOEQU
GVYKCD6FEG34,BGFDIPIM16WR
OXPLVS9V80WF,TTBQR1ZPZSB2
C88FDV7716PU,KQU5O7B59ZC8
I6PTJVC5EYXX,GZBSR3QARISB
PXO75M97CO6D,FEBBT4DQ05BC
TOK6899037PF,GKORC1QKRE2H
QW6W4753E3VL,ME9CIVQOOI9D
TZ1R2R2TACUI,APO1MPETQIHW
BX86PKTDRWPJ,B5VHA9HFIV0O
U1UH3UAX4H12,PPVE9C4NODM0
EPKBG2A0KCSJ,V4E7GPT9STXT
KWXGFL0UM2QZ,S6465WPZSUUN
CU2GUS53TONM,XH38575RNJOM
WQA6X7X90TMT,XXVIOY0OUOVH
NAE0OVK4NDUE,SNWS6JZ5D28I
FBNFZS4D6191,WKMBGTBNQ1D7
DL87P7P13TK6,GA9FV31QOYXL
S9CD6SJVJUFG,AZFS5OX9QDE7
GZHV36M0FN2E,C3U16SWL40AG
HFOZJJJYMTGX,VB6LLEUME8N4
QS50ETQRWDMJ,IEW1P6BKYE59
TQ4S62PAMVF1,HFMQYFNNZR7B
N6BNP8OJDZGY,ZCE2NU6UCSJD
SODZG9JIOBNL,OAILKS855XMZ
HNAOXJ3ZVCDT,Y0DLQ68YZ2XR
AB50VHNMS46P,LDJYFQ35LZWR
LT5J8EFGKODM,DZ03JADWZN62
U3VAL804KN6T,U47T7OERVVLH
WBDA4NP7LNM6,Q32GS4BNA4S6
FGEUYY38UW1M,QAZYG5WYX6RL
H0JWAKWDG9ID,B6939R4YTBLK
NKLBQ3R0PK90,RVUZSKWGI3S4
FHNFY3MYWC5W,UY91YQE1JA88
WENVX9VZWYNJ,REH3UVSRE7I4
SYUJPWMD680Q,KT5BWXAMQFGN
P5FYUK0V5T4X,MBEVEBCENA6U
AEO030AJ37SD,JNWYAJ56FZG4
A8PKR929CXCU,NDMI77QBWJNI
BG8ETLWIR2CF,PXZT4DE84TSN
EIDBWVG6W7Z2,GG1SDF59MI2R
CBS8J5VFBARA,PXWUVCB7WW2H
GXAY707KOELM,RJ0MHCOCQV9Q
KWQ4M4MZ2ECA,FCD6X4XBUOMF
XUI88GL09B5I,E925N6BCP4EK
KKL8HS5HRM90,KFCKCFLNQKR1
LTWO3VOFH0EF,UPK2VDWWRJAD
J2QVMHVYKAJD,QTL1UUF6YPAX
K6PBZEXIM1SM,YMDQPIRJ011V
BFQ2ABNV8GVW,HJPLDKJX9O2I
AKJVOPULY8I9,BHAAXU75NX81
LR1ILBT8X95C,OLE2BBHN0GLF
RJFW11UF960F,OLE2BBHN0GLF
A2V99J9LJ68N,WZZILJL46VDN
XCDAH1HQBJ9S,WZZILJL46VDN
LEYKV7199I78,WZZILJL46VDN
ZIWAVOR1NEKA,WZZILJL46VDN
ZY5GJUJTSAZO,WZZILJL46VDN
G5UG5XIVSIJ5,WZZILJL46VDN
WH94XR1K377D,WZZILJL46VDN
T67TN1HP7WM8,WZZILJL46VDN
UOT0W7L1DGSQ,TRYBPJ4Q6UMX
K3ZZDWEQFIZS,TRYBPJ4Q6UMX
OY1VQZHKXSFG,TRYBPJ4Q6UMX
Z42WW7KPYU68,TRYBPJ4Q6UMX
K2FF503SG6ZR,TRYBPJ4Q6UMX
M2UBRYUW3M5X,TRYBPJ4Q6UMX
PZGBJVPVF6IM,TRYBPJ4Q6UMX
Q4NF5YTH2W45,QNL3ZIPIRTJC
PVORTEJ8E7N7,QNL3ZIPIRTJC
HM7H85AKLT08,QNL3ZIPIRTJC
M76ZJICITZKE,QNL3ZIPIRTJC
RSVBBMO13A2F,QNL3ZIPIRTJC
R833Y3MJYD2N,QNL3ZIPIRTJC
OHWREZ210AHM,QD1T9RV1MOC2
DLZYTGDLQ7IR,QD1T9RV1MOC2
LAMITEYQYZJ9,QD1T9RV1MOC2
PJHK097OO72M,QD1T9RV1MOC2
A1339IILBXKX,QD1T9RV1MOC2
ZM8MFXJVE8HY,T67FRZUFVIFM
HZ41KYK8E3E3,T67FRZUFVIFM
V2GVLR9OPHQ2,T67FRZUFVIFM
NWG0IETOCNDQ,T67FRZUFVIFM
CO0PNLFAX8AH,T67FRZUFVIFM
Z3MTBBP5KH8I,T67FRZUFVIFM
X7JW13YN13QQ,T67FRZUFVIFM
P67DXXBDC3A3,T67FRZUFVIFM
ABI1U02N9IST,T67FRZUFVIFM
CHWR10NCYMTX,STYVCF8M7ZFY
MGL2SDRLEGNL,STYVCF8M7ZFY
VUDH6KD80AZS,STYVCF8M7ZFY
RCKZLGQKL3S0,STYVCF8M7ZFY
M9B9R968NB3Z,STYVCF8M7ZFY
UUK8EM0RTDVK,STYVCF8M7ZFY
AGTPT6HL1BH1,STYVCF8M7ZFY
RQNRVFPXQ21K,STYVCF8M7ZFY
QRATNLMFWMDS,Z29NNVKB6DMJ
DCO8L0YHO7A1,Z29NNVKB6DMJ
V09AFDDH8KAQ,Z29NNVKB6DMJ
SBCAO8MQH3FF,Z29NNVKB6DMJ
LZH69SGUR7QP,Z29NNVKB6DMJ
NT994BU5ZO0V,Z29NNVKB6DMJ
ARMJJ7FNQKC4,Z29NNVKB6DMJ
DQ6P19QCM16Q,GTXSK2BL059E
DED69N70OFGE,GTXSK2BL059E
VVI24P09PKSE,GTXSK2BL059E
RPHHKH0D7WOR,GTXSK2BL059E
UJKTSKKBYOZP,GTXSK2BL059E
D0FHA79CHIJ0,GTXSK2BL059E
QA4EH5WA4FXA,GTXSK2BL059E
ZCC0JRDEEUGB,GTXSK2BL059E
EW9LBCM5337T,OLXZ1GWRAO1H
UEWUAZTI475N,OLXZ1GWRAO1H
H2JDRZ6EUJBN,OLXZ1GWRAO1H
S9TN2SCXUWCR,OLXZ1GWRAO1H
RPO9CF32TUPM,OLXZ1GWRAO1H
A2A857M1G80J,OLXZ1GWRAO1H
OZ1WGU0Z33T1,OLXZ1GWRAO1H
OGYACSGINH8J,OLXZ1GWRAO1H
BKQAFCPUBXLF,OLXZ1GWRAO1H
RUOU3W2ORPHT,OLXZ1GWRAO1H
WGF2B8TPMF7P,EX7ZIFLQOE63
LVTK8HPLXYHW,EX7ZIFLQOE63
RWMKEGFF8MXP,EX7ZIFLQOE63
SAMX417UX6KT,EX7ZIFLQOE63
WJ3H5M8UF0YP,EX7ZIFLQOE63
KYGGH8MGAU61,EX7ZIFLQOE63
GBU1H8OC3DFY,EX7ZIFLQOE63
B7MINKVCY73G,LOOSHF8D5M62
KGSYT4PUD54Z,LOOSHF8D5M62
T7M0N3QTPLRP,LOOSHF8D5M62
ET955SGGEMGN,LOOSHF8D5M62
V18AL5V23I0F,LOOSHF8D5M62
KDKEFLZ74V9L,LOOSHF8D5M62
CQNNTR1XBJQK,LOOSHF8D5M62
BN8LEFRM3FCT,LOOSHF8D5M62
MZC1C5QFSP8V,LOOSHF8D5M62
BBM6G8NK1EJS,LOOSHF8D5M62
WULJFDJYA4QL,G444NGR1X6RB
VW00ZHW8671R,G444NGR1X6RB
HJY0SZ1GRVD9,G444NGR1X6RB
CWO8V0WR2G77,G444NGR1X6RB
HJS1S4B4G2HJ,G444NGR1X6RB
GT8Q9C04506E,ZIXZHJ0DIAR5
CVZGEO39S4UQ,ZIXZHJ0DIAR5
VCG8K6ANPXXX,ZIXZHJ0DIAR5
V68BBE28QD8Z,ZIXZHJ0DIAR5
TL282OABXTUL,ZIXZHJ0DIAR5
R9Z0J6EEHW0I,ZIXZHJ0DIAR5
JUELHIVD6HYS,LI2BXLNTKHZ5
XR0GJFB0JFXV,LI2BXLNTKHZ5
XBFIOYNXI8GU,LI2BXLNTKHZ5
BM4CMXV9ZZ0M,LI2BXLNTKHZ5
W3TRTV0PAQRV,LI2BXLNTKHZ5
A2MV70Z7G5YM,LI2BXLNTKHZ5
PW4D83ZUUXJU,OH1Q0HQA23HC
POLASN8EP83U,OH1Q0HQA23HC
Q3I9NO0BCCP7,OH1Q0HQA23HC
B2BBT1YSWAG4,OH1Q0HQA23HC
PRJ1ZOQQ2MQ8,OH1Q0HQA23HC
C5RKMSXBZQC6,OH1Q0HQA23HC
AG7TPXF2ADN4,OH1Q0HQA23HC
UOP2LQ9GNGEY,OH1Q0HQA23HC
F7HRN0HYDUPT,R61LS4E64ZDJ
DD40U0AWH86L,R61LS4E64ZDJ
T40DL8D1YHWD,R61LS4E64ZDJ
QTM317EKB7MD,R61LS4E64ZDJ
C4ILRQH3ZS7W,ZHML41DP00SB
BJC9WLOSXFF6,ZHML41DP00SB
VO5SJHLSHZS6,ZHML41DP00SB
METE7ZD8G3C8,ZHML41DP00SB
OFPT9A74ZXEI,ZHML41DP00SB
T9Y0RLC4YKD6,ZHML41DP00SB
UQ8ZNOS3B4E8,ZHML41DP00SB
THBJWX2N06QL,HIBX6121E9VK
Q3LPZS1KMKQG,HIBX6121E9VK
JO9GVD3BXGKE,HIBX6121E9VK
D919KSXBH7JF,U4F9FHIUF0EB
IMROPXV08VDM,U4F9FHIUF0EB
UPJJ2ZU1CFS4,U4F9FHIUF0EB
P4SEPKUA2EMP,U4F9FHIUF0EB
VNWHNRGB6MYR,U4F9FHIUF0EB
M7O49A37DEV9,U4F9FHIUF0EB
QQR8P2IFWR9H,U4F9FHIUF0EB
OS470TGHDGXK,U4F9FHIUF0EB
SDHW4Y64CD2D,U4F9FHIUF0EB
RMORGC8Y5KRX,U4F9FHIUF0EB
WRAQ1JI4E1EC,U4F9FHIUF0EB
FYDF6XT7TDP6,U4F9FHIUF0EB
PIONP0TBROCE,U4F9FHIUF0EB
D72XI4YOK3RN,B1GQ16LL2VEZ
Q8VCNVOYVOFY,B1GQ16LL2VEZ
GKH8FO1T6E95,B1GQ16LL2VEZ
F60LE1JA43BF,B1GQ16LL2VEZ
WI8OVV0P7GBC,B1GQ16LL2VEZ
K5G7LOI08XQS,B1GQ16LL2VEZ
K445FVOUPY97,B1GQ16LL2VEZ
J1QM4YJJ99T6,B1GQ16LL2VEZ
J8FG1UGS8HKT,B1GQ16LL2VEZ
BJ2TB5PDDBIH,B1GQ16LL2VEZ
LIVZBELD4KBY,B1GQ16LL2VEZ
HQ9I9IRWB2G2,Q56I8ZOLIGDN
GFQ3FA1S2LH8,SEVN0O8KUQ7F
VP2VN82IX4MH,SEVN0O8KUQ7F
BSFN30V2DZ16,SEVN0O8KUQ7F
C6ZR8JXQGI6Y,SEVN0O8KUQ7F
TC2M50P9IQM1,SEVN0O8KUQ7F
T7DC13EX6474,SEVN0O8KUQ7F
MCFVVVBIZGG0,SEVN0O8KUQ7F
TFYXKJ631VHM,SEVN0O8KUQ7F
YFMY4061BDJT,SEVN0O8KUQ7F
VR6BNB9WYKV2,SEVN0O8KUQ7F
ZU8DYUEP13NU,SEVN0O8KUQ7F
DLN4KLWDZ7OW,Y2G7R71CNBQR
D6MUU9SD5FND,Y2G7R71CNBQR
G0F42TGAXSGA,Y2G7R71CNBQR
VRQUTFDO82LV,Y2G7R71CNBQR
Q4AD7X63NYQL,Y2G7R71CNBQR
TJF57XJQ03MY,Y2G7R71CNBQR
WGF8743U7I5W,Y2G7R71CNBQR
BFUYXQ5F916P,Y2G7R71CNBQR
PRAT7DA2Q20T,Y2G7R71CNBQR
ZBXK3LAGB5MC,Y2G7R71CNBQR
LKMUN3V0H6JR,Y2G7R71CNBQR
JYLB6E3VLCFW,Y2G7R71CNBQR
XP6TG8AWAQ01,GL8COF28IM7N
IWDJ5MDB19OS,GL8COF28IM7N
HDUB6U3G3YOZ,GL8COF28IM7N
EMRI56RKSSYU,GL8COF28IM7N
VFWSVG75SLZT,GL8COF28IM7N
NYZ0V8OMJYEI,GL8COF28IM7N
LOW3XZ3ZDRVD,GL8COF28IM7N
ASY9XWTE364I,GL8COF28IM7N
SVE19UL73VML,GL8COF28IM7N
ZX2POI6YBR1L,VFKMEKZCFV9K
AS6UX4Q2I0U7,VFKMEKZCFV9K
PDM1FHH4K87C,VFKMEKZCFV9K
TAXFWJFGICYT,VFKMEKZCFV9K
GJP82UHWSIMZ,VFKMEKZCFV9K
H28RI4NTFOEU,VFKMEKZCFV9K
OJGV6MQPAJOG,VFKMEKZCFV9K
PSMREDONLN4A,VFKMEKZCFV9K
IOVLOO35BBON,BIW45H141IZM
Y4Y6LIGJ8IQM,BIW45H141IZM
T4TQCYKAK25Y,BIW45H141IZM
H1ILSE3KZP8V,BIW45H141IZM
OAGO861IEZRZ,BIW45H141IZM
X37LN2WJTL4H,BIW45H141IZM
BI5IKLUFX1T4,BIW45H141IZM
LMQJB6YTS1PH,X4KLO8TZQS8R
MDJ21C41XQU3,X4KLO8TZQS8R
UL7QZEAYLCYV,X4KLO8TZQS8R
A1IONL243IDE,X4KLO8TZQS8R
PRMSLCF8YW66,X4KLO8TZQS8R
STNLJPNMBW29,X4KLO8TZQS8R
GJCQL2BLMZMI,X4KLO8TZQS8R
VSEN4HFVT8DL,X4KLO8TZQS8R
PE4OWFTUOEHX,DQUZWJ3X6JB8
MAD2IO5H8KL5,DQUZWJ3X6JB8
UISHQX4WWKIW,DQUZWJ3X6JB8
WM33U92VIBJG,DQUZWJ3X6JB8
OQK15DNRBI2N,DQUZWJ3X6JB8
XZ7E967KCGOM,DQUZWJ3X6JB8
JH205SNTSCO3,DQUZWJ3X6JB8
NEAQISQW228L,SK2KCO6W4UQH
JZELU1XOIUWE,SK2KCO6W4UQH
F2S5SLWB4VKW,SK2KCO6W4UQH
ZOSCF7FMN9MH,SK2KCO6W4UQH
XUDN3MSRFRNO,SK2KCO6W4UQH
Q5X2QR8HRSCZ,SK2KCO6W4UQH
RY6DPMOOQ1CC,SK2KCO6W4UQH
RCH3NODRRH9G,SK2KCO6W4UQH
IVV0L758TS16,SK2KCO6W4UQH
V5C0HWT7AJYV,SK2KCO6W4UQH
ULWOYV6X89B9,SK2KCO6W4UQH
MWRB4TPBQY5N,SK2KCO6W4UQH
BZBMZO3EP6DX,K17Z42T8ETRX
RMB1D7JHN5S7,K17Z42T8ETRX
IFGC41FZJ76C,K17Z42T8ETRX
QDL8ZJTDQ1MJ,K17Z42T8ETRX
CJUIFABKAJU9,K17Z42T8ETRX
NTVMUFHQIAHL,K17Z42T8ETRX
Z82PH41N4FYK,K17Z42T8ETRX
AJBUKO8YO39G,K17Z42T8ETRX
W3J5Z6NRPBKG,K17Z42T8ETRX
J7S9ZI8NR4OC,K17Z42T8ETRX
UKXH94VYHC24,K17Z42T8ETRX
MX80QS9MM797,K17Z42T8ETRX
JC6UR7MYAMSO,K17Z42T8ETRX
RM3QF433K80T,SZYYR667MKCY
DZGKPY2Y4B31,SZYYR667MKCY
TQY5NWCVCQSV,SZYYR667MKCY
ZPJJHK4MO3T4,SZYYR667MKCY
QDULBTWY3AEO,SZYYR667MKCY
ONJPSDB9UY16,XX8W2G5LEK8K
TJ1QL2IU21JW,XX8W2G5LEK8K
YJA90JL9XRD1,XX8W2G5LEK8K
VPAGH3B1SWP1,XX8W2G5LEK8K
BTT3YQCAZDQJ,XX8W2G5LEK8K
UAVQ4XEXETSH,XX8W2G5LEK8K
HM8XIYQQWZWJ,XX8W2G5LEK8K
YHKM28DEFHHA,XX8W2G5LEK8K
BBPSOXDCN62Q,U4YV9N3RP8NI
BCEJ37WJA8EU,U4YV9N3RP8NI
E8KKOAM3PNTS,U4YV9N3RP8NI
A69A9J80YANA,U4YV9N3RP8NI
XDRXSLPOATDZ,U4YV9N3RP8NI
P2GFZKFEFK04,WDM5ND5QMKII
UQEKN5K6RCWP,WDM5ND5QMKII
MRUJDH8D0E1G,WDM5ND5QMKII
X0U6RLBX7OL5,ZSXD23SAO5LK
GE2AGFBASFUK,ZSXD23SAO5LK
WHJBYN6LPNZZ,ZSXD23SAO5LK
VFG7BK3G7HLH,ZSXD23SAO5LK
H0FIT83AR3N6,ZSXD23SAO5LK
KPPPWBB3UQCH,ZSXD23SAO5LK
FUOP300YQJ5W,ZNV05OOT5INC
AEU4HA2Z11IU,ZNV05OOT5INC
XOI7R99RPGUF,ZNV05OOT5INC
B34YBZQHZFUP,ZNV05OOT5INC
C6AR56BO0SPG,ZNV05OOT5INC
ETDG5U8LU1MW,ZNV05OOT5INC
KKNR51LMWZ0J,L2WF7OG7ILYJ
EFWFCRW43BYH,L2WF7OG7ILYJ
LPF8DPZXNXJK,L2WF7OG7ILYJ
HOH3AQ8NIU61,L2WF7OG7ILYJ
J9OUSCOLULDY,L2WF7OG7ILYJ
SKJOXSCOIZ32,P902CRX9MN6V
Y8KLXJ2FXPE5,P902CRX9MN6V
VF2N436ZHLZX,P902CRX9MN6V
FIQYXZW98CAS,P902CRX9MN6V
X4FN84JWLKPQ,P902CRX9MN6V
XF4V5WMGAA1Q,P902CRX9MN6V
MO2WE438EF44,P902CRX9MN6V
KP032AFVZ1JH,AY90I24MAKZB
DBPX7PB3LRGY,AY90I24MAKZB
WUYUDK25YUWB,AY90I24MAKZB
P6QY70MYD0FL,AY90I24MAKZB
TY1GLSA81GTK,AY90I24MAKZB
JVY9CFIFBKDF,H5CWQIX2NTD8
YO31GLTWK09A,H5CWQIX2NTD8
QSP0DU7XMGWG,H5CWQIX2NTD8
Z8M6VFXLAWR8,H5CWQIX2NTD8
MWIUXOZNY8CA,H5CWQIX2NTD8
CN6J15HIE0R7,SKUSC7FA9XGB
HIU35FH01UGU,SKUSC7FA9XGB
FRG294DQN4ND,SKUSC7FA9XGB
SZKW3EXPXMN9,SKUSC7FA9XGB
KEEMFVQRCYA0,SKUSC7FA9XGB
D0BNGFUURLUJ,SKUSC7FA9XGB
ETZXH32VX5HW,SKUSC7FA9XGB
DGT2HIEZ5WTX,SKUSC7FA9XGB
ISYLXRJC56PV,SKUSC7FA9XGB
SUIHM9XVOLLF,ZN8CWFKNS1ZX
WGCCTDTTI342,ZN8CWFKNS1ZX
Q36G7QCGJIFJ,ZN8CWFKNS1ZX
B0P70YOR1FTF,ZN8CWFKNS1ZX
WHEV9E6LMR1X,ZN8CWFKNS1ZX
V2CBQDRIMHQU,ZN8CWFKNS1ZX
NQGBAZAYKC1R,ZN8CWFKNS1ZX
NH1XFYWB93K9,ZN8CWFKNS1ZX
KGNG125MF13M,ZN8CWFKNS1ZX
QMMLE24VWI4U,I4JREWOBROFV
MBGKBRDTMUOO,I4JREWOBROFV
JJWPU0HZ2Q8X,I4JREWOBROFV
Y5BZID030CZ1,I4JREWOBROFV
CRCJL2OH4LM7,I4JREWOBROFV
KRRD7FKBPOUD,I4JREWOBROFV
Q2TWGAKI7AUV,I4JREWOBROFV
U8DFVLK965QA,I4JREWOBROFV
XBYJ42EIZ4KE,I4JREWOBROFV
X3BJV5ZM3FP8,I4JREWOBROFV
ARL9MKB3AZX7,I4JREWOBROFV
NVZYB5MSBO6O,I4JREWOBROFV
CT2H0EM04T6K,EJDU2CLR6WH5
EUAWXWJ0GHBI,EJDU2CLR6WH5
IP6JMM4ZQPK5,EJDU2CLR6WH5
D2UMOXH719I0,GH7Z2WV8Y6PI
PN7QZO0LYMFL,GH7Z2WV8Y6PI
TTRTWVHX3J3P,GH7Z2WV8Y6PI
OUCZC9THDGT4,GH7Z2WV8Y6PI
BUVAF0GO8VLC,GH7Z2WV8Y6PI
CE0EFYI346UB,GH7Z2WV8Y6PI
QKDBFFPZYOUT,GH7Z2WV8Y6PI
JQYDJK1MWAXE,GH7Z2WV8Y6PI
UMU36S0NJM2D,N1ZNJAKKOEQU
ASR98XZG364L,N1ZNJAKKOEQU
CDRTC7V9YV9Q,N1ZNJAKKOEQU
SHJO1XO07GIJ,N1ZNJAKKOEQU
TWNSYRIWPEQ9,N1ZNJAKKOEQU
FYQ9JHVB3VEO,N1ZNJAKKOEQU
PDIRQ19ZNINO,N1ZNJAKKOEQU
HMSB731LUEQ1,N1ZNJAKKOEQU
F4T1GDGWM65C,N1ZNJAKKOEQU
UMUG0ZFL7JIG,BGFDIPIM16WR
B6R0PPST24VQ,BGFDIPIM16WR
IVYC9ZBHR6H8,BGFDIPIM16WR
Q695QSV1I04M,BGFDIPIM16WR
MA8JU2ZYQ2IX,BGFDIPIM16WR
IJIJRPQ8Q1MX,BGFDIPIM16WR
MY2CVDREQQ8U,BGFDIPIM16WR
AFUHHV9K83W8,BGFDIPIM16WR
HAXS9DLEPLIP,BGFDIPIM16WR
I65IHWTJ015S,BGFDIPIM16WR
TB5O1JSRPIQK,BGFDIPIM16WR
XFTTAJFB2AQR,BGFDIPIM16WR
SXKXE05YX8K7,BGFDIPIM16WR
BJ3J1R25K9HO,TTBQR1ZPZSB2
XL0JUGO447NO,TTBQR1ZPZSB2
KG3HKF6HN65Y,TTBQR1ZPZSB2
J6WAA431LCPK,TTBQR1ZPZSB2
LHDG31R1QDXE,TTBQR1ZPZSB2
A33FAUBB0OEW,KQU5O7B59ZC8
YZ746WJ3IPA3,KQU5O7B59ZC8
XE4A50FL07FA,KQU5O7B59ZC8
SZU2TJEZCR6S,KQU5O7B59ZC8
WT7EOLQXWRZY,KQU5O7B59ZC8
WJX17BJ3GZFF,GZBSR3QARISB
OR221M7DOW6C,GZBSR3QARISB
E68594X28V35,GZBSR3QARISB
L4D9FSDF31YH,GZBSR3QARISB
T8GJ10CIE23G,GZBSR3QARISB
VWZGOOVY52TK,GZBSR3QARISB
HMOR3K83BFY9,GZBSR3QARISB
TNG40F4K9DPZ,GZBSR3QARISB
EU09IM84PSFL,GZBSR3QARISB
Z4WHYJWVU25F,FEBBT4DQ05BC
KR8YVIQ9F479,FEBBT4DQ05BC
RLU4EYGSFJ1I,FEBBT4DQ05BC
MFRUNL2RQ56W,FEBBT4DQ05BC
F196MFKQJF2V,FEBBT4DQ05BC
SHXTT6NMF8AW,FEBBT4DQ05BC
JOQQJQTP53Q1,FEBBT4DQ05BC
LIR1M3N2M6WI,FEBBT4DQ05BC
X8PCFPIUFZZO,FEBBT4DQ05BC
CHX0C3G3Y6LP,GKORC1QKRE2H
UWV42JMX5HSU,GKORC1QKRE2H
I1U3CSQ4RKPK,GKORC1QKRE2H
WHJVOHO5FT1X,GKORC1QKRE2H
ABPWC9HLPTY3,GKORC1QKRE2H
FEPDTEO44MFW,ME9CIVQOOI9D
EYPJF4ICPLJC,ME9CIVQOOI9D
M7QPMGK68A4Y,ME9CIVQOOI9D
E6KKM69O4JJR,ME9CIVQOOI9D
FPBDKCRHT0DE,ME9CIVQOOI9D
YJOKB0KRBET3,ME9CIVQOOI9D
L8L54P4VK3EB,ME9CIVQOOI9D
IFYZKYDQIE3O,APO1MPETQIHW
BKFMB2NBNKQI,APO1MPETQIHW
IJ171ZUX0P7R,APO1MPETQIHW
KTH6Q82H95IP,APO1MPETQIHW
U264VW3D5NTL,APO1MPETQIHW
D22C7K443HIM,APO1MPETQIHW
M1ULP0FBASBD,APO1MPETQIHW
J3HFZYF7V8US,APO1MPETQIHW
KFPBYCJWDTJR,APO1MPETQIHW
EPRD45M7YS9V,B5VHA9HFIV0O
C4BYT6TKRGDR,B5VHA9HFIV0O
DO43B6QF5HBX,B5VHA9HFIV0O
CFW8Q0DGFP4P,B5VHA9HFIV0O
UF1PQBXSDASS,B5VHA9HFIV0O
X3QXND9WYNSR,B5VHA9HFIV0O
SLYALJHOH7EA,B5VHA9HFIV0O
H18TFU8TGX4C,B5VHA9HFIV0O
FJMHS59YV7K7,B5VHA9HFIV0O
J0W5Z2BLFA1Y,B5VHA9HFIV0O
D3AF3UWJ18VC,PPVE9C4NODM0
I19PKWVHJCLG,V4E7GPT9STXT
MQPU0NRS6YMG,V4E7GPT9STXT
MFK3H8ZA1T2P,V4E7GPT9STXT
K35E5IZ17K92,V4E7GPT9STXT
TRPDSIA7GRG8,V4E7GPT9STXT
IQF984D8YAUU,V4E7GPT9STXT
R04LJNHCOG6V,V4E7GPT9STXT
PRQ20UHD9L0P,S6465WPZSUUN
WNY967NQDH1O,S6465WPZSUUN
A2PYF9URRTA0,S6465WPZSUUN
JXWP8AA7IPM0,S6465WPZSUUN
E6E26JQKFG2I,S6465WPZSUUN
YPTIAUZMT0WK,S6465WPZSUUN
LHTQYNEIL02X,S6465WPZSUUN
WBNJJKSFD337,S6465WPZSUUN
KHLRZZH8TDBL,XH38575RNJOM
HRG9D2NX0T5L,XH38575RNJOM
SEK221YNXTON,XH38575RNJOM
RQEG0RYA06EL,XH38575RNJOM
P3YF1VJV8CIH,XH38575RNJOM
PVKHQZEDN1PI,XH38575RNJOM
A9UQOULXQ9TC,XH38575RNJOM
KPRWCRCATADF,XXVIOY0OUOVH
T5M5D02I3031,XXVIOY0OUOVH
P8UUU7VZY7EY,XXVIOY0OUOVH
UD70UT78GCOF,XXVIOY0OUOVH
L43U7YRXSQP8,XXVIOY0OUOVH
YW3M2LR8KPZU,XXVIOY0OUOVH
IISF02INQ3FB,XXVIOY0OUOVH
VZV2Z5YCJLIR,XXVIOY0OUOVH
UE7I0J3KR27O,XXVIOY0OUOVH
JCI6A6FW7K3E,SNWS6JZ5D28I
E74SF9LBXXIR,SNWS6JZ5D28I
CZNO1IBHRNB1,SNWS6JZ5D28I
J5CMU02N00IH,SNWS6JZ5D28I
MEWJCRMJ3GX1,SNWS6JZ5D28I
FXVADPWCCXH4,SNWS6JZ5D28I
W5SY0UNCILH7,SNWS6JZ5D28I
VLY7JP7O18FH,SNWS6JZ5D28I
UUAPQE0C2DT3,SNWS6JZ5D28I
J86O7LRRCFME,SNWS6JZ5D28I
E4G6D4LAH6ZP,SNWS6JZ5D28I
OKFYKMABAFHV,WKMBGTBNQ1D7
AKSVPG6BOU8F,WKMBGTBNQ1D7
GI3MVIQBVDCM,WKMBGTBNQ1D7
QWJ66FPH92C3,WKMBGTBNQ1D7
ZXRXB3L5R2RQ,WKMBGTBNQ1D7
H4C9ICMMJYKD,WKMBGTBNQ1D7
AMWYET0Q9BZF,WKMBGTBNQ1D7
YZ0Q8A5IR0TW,WKMBGTBNQ1D7
SR9A7H785JJ9,WKMBGTBNQ1D7
QTE8OQXQYTVX,GA9FV31QOYXL
QOOYB1M0RE8T,GA9FV31QOYXL
D4IKDFFV8K2A,GA9FV31QOYXL
U8CJL80N9Q1W,GA9FV31QOYXL
J6VG65HW3JQQ,GA9FV31QOYXL
COLB4U09UTHP,GA9FV31QOYXL
PR270G6YKG2N,AZFS5OX9QDE7
IEH0PF03MRH7,AZFS5OX9QDE7
F5L2DW7H2K4A,AZFS5OX9QDE7
YNIH81GR8KRC,AZFS5OX9QDE7
C4TTN5ILIBV2,C3U16SWL40AG
NHR40EW0B8M8,C3U16SWL40AG
UBNIXU1OWVC3,C3U16SWL40AG
VTJMCXOXJK4Y,C3U16SWL40AG
YVX2SWQWN1S6,C3U16SWL40AG
EBE7CKSACCL7,C3U16SWL40AG
KNNLUGIY3066,C3U16SWL40AG
MQMFCA0D5ZHB,C3U16SWL40AG
LN5RF9U57EAB,C3U16SWL40AG
C9LR5T1OCR39,VB6LLEUME8N4
ERT0XN4JOVSK,VB6LLEUME8N4
WE4WEU5Y97MQ,VB6LLEUME8N4
V3JA8AER9IFU,VB6LLEUME8N4
J9ZRDRHTDM1X,IEW1P6BKYE59
M9228Q6GSOEE,IEW1P6BKYE59
LZ68NQH8NB5R,IEW1P6BKYE59
TJPDLON5T3J0,IEW1P6BKYE59
PJ7BM81Y09TL,IEW1P6BKYE59
NUBHDR7BDN4G,IEW1P6BKYE59
Y5SCJIPIEY97,IEW1P6BKYE59
EET7OK0ABL5F,IEW1P6BKYE59
FTX352YB9R69,IEW1P6BKYE59
R4OQ27SNX5CQ,HFMQYFNNZR7B
IEAMUWUYUG12,HFMQYFNNZR7B
GDTGVXVM1QXW,HFMQYFNNZR7B
DIEMCLD9BEXY,HFMQYFNNZR7B
SYL3031BUEBZ,HFMQYFNNZR7B
F70M8Q1639EZ,HFMQYFNNZR7B
ZOZ4RO0MDETX,HFMQYFNNZR7B
G52HTB0VOVN3,HFMQYFNNZR7B
HHGSBAURZ9HG,HFMQYFNNZR7B
R6KZEJ6GTCG4,ZCE2NU6UCSJD
DUM49A203ZBQ,ZCE2NU6UCSJD
STBA1W3WABQY,ZCE2NU6UCSJD
X06LMYCPQ2HI,ZCE2NU6UCSJD
LKOFRBET111P,ZCE2NU6UCSJD
PVF98GSK5B1M,ZCE2NU6UCSJD
W01NF2JTZABF,OAILKS855XMZ
IRIFA3TT5475,OAILKS855XMZ
VBZEWGGZ3JK5,OAILKS855XMZ
S7FUE02FR7RL,OAILKS855XMZ
X0YC8RE1O0UU,OAILKS855XMZ
PKBQD98X5ETE,OAILKS855XMZ
GYNRIEJCHTIM,OAILKS855XMZ
Z0L7PL6OJXMY,OAILKS855XMZ
I5FK3BTKR4SO,Y0DLQ68YZ2XR
QVPWZOUACMWT,Y0DLQ68YZ2XR
EI0MT5JYO03N,Y0DLQ68YZ2XR
PMRYUX9K6AHY,Y0DLQ68YZ2XR
BHK4PAQ67AWA,Y0DLQ68YZ2XR
BX3HCLEXENWM,DZ03JADWZN62
CAKCJ91N62KE,DZ03JADWZN62
I69CBKWHY94V,DZ03JADWZN62
KU476Z7843HJ,DZ03JADWZN62
R3EV4LYFR7EG,DZ03JADWZN62
KVFIZ4VI7QD9,DZ03JADWZN62
DN1BW27TLFDU,DZ03JADWZN62
IAXEPTX7ZNY3,U47T7OERVVLH
L9UR1PJRLAHJ,U47T7OERVVLH
K4BOLMYROTF6,U47T7OERVVLH
VQDBZH3MWRJE,U47T7OERVVLH
JKR9ULSUJN3E,Q32GS4BNA4S6
M3BB5Y2K5ESB,Q32GS4BNA4S6
A2AAWONVDEHA,Q32GS4BNA4S6
T3PBD1YML2O4,Q32GS4BNA4S6
KP9SVU6M1EQE,Q32GS4BNA4S6
ANSC469CYU0S,Q32GS4BNA4S6
WP1HVIG5YFMG,Q32GS4BNA4S6
V03B1DFQT8AH,Q32GS4BNA4S6
KGEE2GVXTHY9,Q32GS4BNA4S6
UPKCRZ1VYAKR,Q32GS4BNA4S6
RK877U7MXLRF,Q32GS4BNA4S6
MQHMZEZ5SRR3,Q32GS4BNA4S6
FW7Y5YSEMWAF,Q32GS4BNA4S6
QOQ9H3PROI4N,QAZYG5WYX6RL
K6OKYD71TBU5,QAZYG5WYX6RL
SWI6E4SAT2FB,QAZYG5WYX6RL
VK2R854HLVPP,B6939R4YTBLK
KUEJ0HBRC010,B6939R4YTBLK
IXZ63YLSUOQW,B6939R4YTBLK
GVP0CG4FYMGU,B6939R4YTBLK
T8JWVU5ILMKG,B6939R4YTBLK
EL1QLE2ZZ7OA,RVUZSKWGI3S4
VJ7LAMWD0FTU,RVUZSKWGI3S4
SIK6JRMME1U0,RVUZSKWGI3S4
JGNCDF2TA8VM,RVUZSKWGI3S4
L50F8VIQT2ZP,RVUZSKWGI3S4
Q9BYRPUXLP8X,RVUZSKWGI3S4
WVPJWWNKFA78,RVUZSKWGI3S4
O7DU4J4E64TH,RVUZSKWGI3S4
QEJJUZ9C5NWM,RVUZSKWGI3S4
R2SZ2V02YHE6,RVUZSKWGI3S4
C4A4LQ2SFOLW,RVUZSKWGI3S4
N62ZFW9PBL81,UY91YQE1JA88
AYRMP2P8V5TD,UY91YQE1JA88
FXQMUWM0CQMF,UY91YQE1JA88
SRJPVURQUZ7V,UY91YQE1JA88
QZUXTWMTW8D9,UY91YQE1JA88
IT1TRQOBTF61,UY91YQE1JA88
PBGW0GSJYHRG,UY91YQE1JA88
PK11RZIMYB0F,REH3UVSRE7I4
XK5XBEPDNWFL,REH3UVSRE7I4
SS1HX5C45YVW,REH3UVSRE7I4
H5T6Y1CUS6GR,REH3UVSRE7I4
JZXYHCE35HEL,KT5BWXAMQFGN
Q3LVUARMHOK5,KT5BWXAMQFGN
VLA84JWGSUDW,KT5BWXAMQFGN
HZ2V906W0FPY,KT5BWXAMQFGN
X780FSGEUGOZ,KT5BWXAMQFGN
PP95PAOMYA71,KT5BWXAMQFGN
Z67AZZE72GYU,KT5BWXAMQFGN
FEWG666L1W2V,MBEVEBCENA6U
DXVZ29WIGKZ2,MBEVEBCENA6U
YETBDNH7V6KU,MBEVEBCENA6U
DIVRXYRYCTGX,MBEVEBCENA6U
D8COJCF1U694,MBEVEBCENA6U
XYYHOIFQ52U9,MBEVEBCENA6U
Y05OOJ8LFCF6,MBEVEBCENA6U
VAI71HEG7YDU,MBEVEBCENA6U
W0H5GJDFEAFR,JNWYAJ56FZG4
T3E9DES3D7IN,JNWYAJ56FZG4
VJ8HDMVMHOK1,JNWYAJ56FZG4
CPX526JKNV02,JNWYAJ56FZG4
EBG5SPW0NK9F,JNWYAJ56FZG4
P68F2WT86M34,JNWYAJ56FZG4
RE81R1KTNRRT,JNWYAJ56FZG4
ANAW55BXT232,JNWYAJ56FZG4
A7T1OPPA4BB2,JNWYAJ56FZG4
R29HNXIOMABX,JNWYAJ56FZG4
GU822DTTX7Z3,JNWYAJ56FZG4
XVPPQ91EA0N0,JNWYAJ56FZG4
W1113P5F2832,JNWYAJ56FZG4
Q8XZ733FPTJR,JNWYAJ56FZG4
HGZ2KXIM8XZY,NDMI77QBWJNI
Q3V87V14QCEE,NDMI77QBWJNI
FRNTB3NRC36X,NDMI77QBWJNI
UHBFK7MKN0P4,NDMI77QBWJNI
BUEHHTQ53ZVT,NDMI77QBWJNI
OJ4GEYLPBHS6,PXZT4DE84TSN
J17V5YLRB7XE,PXZT4DE84TSN
B1GOC5YLSFC5,PXZT4DE84TSN
E8BSTWNI7ITC,PXZT4DE84TSN
S574XHPSCGQ4,PXZT4DE84TSN
UNDZBE86PTP9,PXZT4DE84TSN
OE52FPAFFC1W,PXZT4DE84TSN
N6CFRKIDD5SO,PXZT4DE84TSN
AZ61LA6SBB6Q,PXZT4DE84TSN
K2SQNDS3KPAV,PXZT4DE84TSN
A4YFFOFHCEBB,PXWUVCB7WW2H
KTMB8F78C73W,PXWUVCB7WW2H
DOCETIBI7APZ,PXWUVCB7WW2H
VLLV6UEOY7EI,PXWUVCB7WW2H
LWJ9DBX0SAQB,PXWUVCB7WW2H
C05DW1X7BP7F,PXWUVCB7WW2H
Q9PRTE1Y6E1O,PXWUVCB7WW2H
VWAY5THHU3IP,PXWUVCB7WW2H
R6CJIXWO7LVM,PXWUVCB7WW2H
O9G23C72GWKR,PXWUVCB7WW2H
EWG0EWQGZ1VI,PXWUVCB7WW2H
VB33B99SVQYH,PXWUVCB7WW2H
IK606KO95FRA,PXWUVCB7WW2H
UU1WDV2EY6FS,PXWUVCB7WW2H
WIJKHQRBWEQW,RJ0MHCOCQV9Q
FJGPNDBC3UPV,RJ0MHCOCQV9Q
CRROJUHB54SG,RJ0MHCOCQV9Q
DDHMKLDIDJP0,RJ0MHCOCQV9Q
IGO9QA04ZFKZ,RJ0MHCOCQV9Q
RQ0QHQ204X8C,RJ0MHCOCQV9Q
HVWWOIYN61VR,RJ0MHCOCQV9Q
NUMU0IM99WOY,RJ0MHCOCQV9Q
MKM6A44XJT8R,RJ0MHCOCQV9Q
ICF8HHHJEU0U,RJ0MHCOCQV9Q
P2PR8CJGZHC2,RJ0MHCOCQV9Q
LDH9PY7X824E,RJ0MHCOCQV9Q
YB1LYT1WRY3W,RJ0MHCOCQV9Q
TDGJLMKANTXI,FCD6X4XBUOMF
Y5S7L4UQ6USM,FCD6X4XBUOMF
Q73J6BYG79R1,FCD6X4XBUOMF
YUHWSWVS7R1O,FCD6X4XBUOMF
J498KMYJXOSG,FCD6X4XBUOMF
SFFASHPS9T4B,FCD6X4XBUOMF
STM0UBMCBPVX,FCD6X4XBUOMF
N1H13RSL5L2A,FCD6X4XBUOMF
SXECBH19YYFY,E925N6BCP4EK
X70VDEYHIMUM,E925N6BCP4EK
ADI8Q5XI9VY2,E925N6BCP4EK
FIJP4EQ0DITQ,E925N6BCP4EK
YBBQSY2BLGPL,E925N6BCP4EK
BK196UT1QAX8,E925N6BCP4EK
BBFN1Y1LEZJO,KFCKCFLNQKR1
Y03A4LPSCDDC,KFCKCFLNQKR1
CMOQBHRFRJMO,KFCKCFLNQKR1
AHP7ZNL8XRRF,KFCKCFLNQKR1
SEXERZOR55TI,KFCKCFLNQKR1
HG1WHIDJBCUG,KFCKCFLNQKR1
WUNJWLAFZQ2W,KFCKCFLNQKR1
IG3OK37RFOZQ,KFCKCFLNQKR1
EXG0WI40N95A,KFCKCFLNQKR1
TVQ90MDAZXAP,KFCKCFLNQKR1
NG8PJZKN2GN2,UPK2VDWWRJAD
HJJL381NH0R9,UPK2VDWWRJAD
LNPCPE7L5ZHD,UPK2VDWWRJAD
KTQ3Q5GHPHQA,UPK2VDWWRJAD
KG4ZQ010Y30A,UPK2VDWWRJAD
EL504JAVQ1Y1,UPK2VDWWRJAD
E36DQWYEASRG,QTL1UUF6YPAX
S47IBSQKN5I8,QTL1UUF6YPAX
AU5QRFX8FOJ1,QTL1UUF6YPAX
WSIEKKYRHW3A,QTL1UUF6YPAX
QYCOSKK5BOOR,QTL1UUF6YPAX
JLVBSE2J5OBK,QTL1UUF6YPAX
KORMDRCS423Z,YMDQPIRJ011V
AYEFNV3W1KO4,YMDQPIRJ011V
IPUOVSI2LQ3X,YMDQPIRJ011V
TURQ8IPUT9SO,YMDQPIRJ011V
IOZPEOUBGEE8,YMDQPIRJ011V
K79W10MUM0G3,YMDQPIRJ011V
I2CN5YRVJPZQ,YMDQPIRJ011V
TUNY9AVD08KB,HJPLDKJX9O2I
UQ4NOA6AARZK,HJPLDKJX9O2I
HQ30KFTREIL8,HJPLDKJX9O2I
SHUDX3V3GFAZ,HJPLDKJX9O2I
DMZVPA8DZ49R,HJPLDKJX9O2I
UCJYWJ8LAI4N,HJPLDKJX9O2I
TS42J3026SL1,HJPLDKJX9O2I
IS1ESY02855O,HJPLDKJX9O2I
ZW6HVP1EDYM3,HJPLDKJX9O2I
B7P2P30EWNA1,BHAAXU75NX81
L3778246UX64,BHAAXU75NX81
OLHBJQCK5JXN,BHAAXU75NX81
C62DPXN4DLRJ,BHAAXU75NX81
BHGONM57W3FA,BHAAXU75NX81
EI0CGE9QMGH1,BHAAXU75NX81
DKRTIHPKULQL,BHAAXU75NX81
LNMULX49SEVU,WZZILJL46VDN
NL8V4EODQROR,WZZILJL46VDN
YDRF735ZY2K0,WZZILJL46VDN
EBN9WCY5V3GB,WZZILJL46VDN
UAA13YE7VDXT,WZZILJL46VDN
ZYZ4T1C71KGB,WZZILJL46VDN
QVOAP89RDA35,WZZILJL46VDN
GN7Q45ZAO7Z4,WZZILJL46VDN
VIR80UBYYH06,WZZILJL46VDN
GH17I6DX7MZG,WZZILJL46VDN
UX91C9RQCC5K,TRYBPJ4Q6UMX
M5NEXS17AK2K,TRYBPJ4Q6UMX
UEYENL71PC2L,TRYBPJ4Q6UMX
WO59P3JOQ105,TRYBPJ4Q6UMX
MTVVSRWTKCJF,QNL3ZIPIRTJC
O9CY6X7G1JFN,QNL3ZIPIRTJC
XHXJDQDX8Y4I,QNL3ZIPIRTJC
YMTTTYZIZSP1,QNL3ZIPIRTJC
BS1ZY6SU70YC,QNL3ZIPIRTJC
XDV1SJYOWIEH,QNL3ZIPIRTJC
TMRKI63ZSP69,QNL3ZIPIRTJC
BNA0F4YURSS1,QNL3ZIPIRTJC
ALGBA9CW9J6E,EB85NP6SEWPR
PITVCBDU9281,EB85NP6SEWPR
GR8PTDIL63QU,EB85NP6SEWPR
IU8R75RL50WK,EB85NP6SEWPR
TMJ4XFUCNXO0,EB85NP6SEWPR
GP2GRVEJ9ZIK,EB85NP6SEWPR
LVJM4EJAG510,EB85NP6SEWPR
VTVGNGA5HFIW,EB85NP6SEWPR
HMGDMZWXS1SF,QD1T9RV1MOC2
UB52BMT1MZMX,QD1T9RV1MOC2
VLM0KIPTSBOQ,QD1T9RV1MOC2
ICGO19V9CFQF,QD1T9RV1MOC2
VY0KQ9AR85KW,QD1T9RV1MOC2
YWEZ68CVUW5Y,QD1T9RV1MOC2
DRSUEV0VVX5P,QD1T9RV1MOC2
OMGIWR78C7B1,T67FRZUFVIFM
VL3LEE8O0GAY,T67FRZUFVIFM
RDNRUGVYW8GQ,T67FRZUFVIFM
OTTUPCGOE890,T67FRZUFVIFM
AQRBNJTERTOP,T67FRZUFVIFM
Z2GSY0M5HYGI,T67FRZUFVIFM
TXF3VJJMN0UJ,T67FRZUFVIFM
F43OMOAQLJW0,T67FRZUFVIFM
LLVUV3Q0YK69,STYVCF8M7ZFY
RJVYV33A91MX,STYVCF8M7ZFY
ZR94KSI3SLYZ,STYVCF8M7ZFY
L5DTYDAXUT3T,STYVCF8M7ZFY
JL1WOGMGZ6OL,STYVCF8M7ZFY
EBQAKJEJS3FP,Z29NNVKB6DMJ
ADZ7STLF5DA7,Z29NNVKB6DMJ
YYCXU8FJVB31,Z29NNVKB6DMJ
Q5PSTL6U6CX5,Z29NNVKB6DMJ
UOHPQW2QIX2I,Z29NNVKB6DMJ
CQIG9CON5YNA,Z29NNVKB6DMJ
ZCKXQ8HQ1VTK,Z29NNVKB6DMJ
IFZ9NAY0T43O,GTXSK2BL059E
HMO9ZFAQR6KN,GTXSK2BL059E
WNPBIT8KAKBP,GTXSK2BL059E
CVK9AMWT6R4I,GTXSK2BL059E
VB8GFLB41LEQ,GTXSK2BL059E
KRWJTU9EUJ25,GTXSK2BL059E
O3D2YEKLH8EZ,GTXSK2BL059E
MXWFSA9ACJ0P,GTXSK2BL059E
LMX11UI54LCS,GTXSK2BL059E
NJR8315QZPLQ,GTXSK2BL059E
E12OMIBK7PXL,GTXSK2BL059E
URVYF220KWX2,OLXZ1GWRAO1H
WIFSW8S6GDO2,OLXZ1GWRAO1H
HRTYMHM9HS8V,OLXZ1GWRAO1H
KUFC2I9KKPG3,OLXZ1GWRAO1H
H1KR6WMP6UEG,OLXZ1GWRAO1H
T6QTQ4S0K0C0,OLXZ1GWRAO1H
N821M8J9XEN3,OLXZ1GWRAO1H
FE9PI2YC2OAA,OLXZ1GWRAO1H
IUAIELRBWA2S,OLXZ1GWRAO1H
YQAS6JT0408Y,OLXZ1GWRAO1H
VP8SCF8PV2EU,OLXZ1GWRAO1H
HTDOM8L1OW3Y,OLXZ1GWRAO1H
VEVIG6QJA0VE,EX7ZIFLQOE63
KB4FDBW48B5X,EX7ZIFLQOE63
ZOL39MZX597J,EX7ZIFLQOE63
QKP2D8DODP7U,EX7ZIFLQOE63
WFRZW10WEA4N,EX7ZIFLQOE63
QLLMJF2XMBE4,EX7ZIFLQOE63
P6QHWIMSPF9C,EX7ZIFLQOE63
HUAI8NCUSFPH,LOOSHF8D5M62
EVGZWNA4T2VW,LOOSHF8D5M62
PWKXHSH05TCX,LOOSHF8D5M62
